station_id,station_name,latitude,longitude,timestamp,pm25,pm10,o3,no2,so2,co
bgd_001,Mostar,44.803,20.457,2024-05-01T08:00:00Z,28.4,46,0.062,42,9,0.8
bgd_001,Mostar,44.803,20.457,2024-05-01T09:00:00Z,31.2,50,0.058,39,8,0.7
bgd_001,Mostar,44.803,20.457,2024-05-01T10:00:00Z,35.0,58,0.055,37,7,0.6
bgd_002,City Hall,44.817,20.457,2024-05-01T08:00:00Z,22.0,40,0.050,28,6,0.5
bgd_002,City Hall,44.817,20.457,2024-05-01T09:00:00Z,25.0,42,0.053,30,7,0.6
bgd_002,City Hall,44.817,20.457,2024-05-01T10:00:00Z,27.5,44,0.059,34,8,0.7
bgd_003,New Belgrade,44.820,20.410,2024-05-01T08:00:00Z,18.0,35,0.048,22,5,0.4
bgd_003,New Belgrade,44.820,20.410,2024-05-01T09:00:00Z,20.5,36,0.050,24,6,0.4
bgd_003,New Belgrade,44.820,20.410,2024-05-01T10:00:00Z,21.0,37,0.051,25,6,0.5
